Hora,SF,BW,PT,RSSI,SNR
14:16:46,7,125.00,10,-114.00,6.50
14:16:49,7,125.00,10,-115.00,6.00
14:16:52,7,125.00,10,-115.00,6.75
14:16:55,7,125.00,10,-115.00,6.25
14:16:59,7,125.00,10,-115.00,6.75
14:17:02,7,125.00,10,-114.00,6.75
14:17:05,7,125.00,10,-114.00,6.50
14:17:08,7,125.00,10,-114.00,7.00
14:17:11,7,125.00,10,-115.00,6.25
14:17:14,7,125.00,10,-115.00,6.25
14:17:17,7,125.00,10,-115.00,5.75
14:17:20,7,125.00,10,-115.00,5.75
14:17:23,7,125.00,10,-116.00,5.00
14:17:26,7,125.00,10,-116.00,6.00
14:17:29,7,125.00,10,-114.00,6.25
14:17:32,7,125.00,10,-115.00,6.00
14:17:35,7,125.00,10,-114.00,6.00
14:17:38,7,125.00,10,-114.00,7.00
14:17:41,7,125.00,10,-112.00,7.50
14:17:44,7,125.00,10,-113.00,7.50
14:17:53,7,125.00,12,-115.00,6.25
14:17:56,7,125.00,12,-111.00,8.50
14:17:59,7,125.00,12,-117.00,5.00
14:18:02,7,125.00,12,-118.00,4.25
14:18:05,7,125.00,12,-115.00,6.25
14:18:08,7,125.00,12,-113.00,8.00
14:18:11,7,125.00,12,-112.00,7.75
14:18:14,7,125.00,12,-114.00,7.25
14:18:17,7,125.00,12,-113.00,7.50
14:18:20,7,125.00,12,-115.00,7.00
14:18:24,7,125.00,12,-114.00,7.50
14:18:27,7,125.00,12,-113.00,7.50
14:18:30,7,125.00,12,-115.00,5.75
14:18:33,7,125.00,12,-113.00,7.25
14:18:36,7,125.00,12,-112.00,7.50
14:18:39,7,125.00,12,-112.00,8.00
14:18:42,7,125.00,12,-113.00,7.50
14:18:45,7,125.00,12,-113.00,7.50
14:18:48,7,125.00,12,-113.00,7.50
14:18:51,7,125.00,12,-114.00,7.00
14:19:00,7,125.00,14,-114.00,7.00
14:19:03,7,125.00,14,-112.00,7.75
14:19:06,7,125.00,14,-114.00,7.25
14:19:09,7,125.00,14,-114.00,7.00
14:19:12,7,125.00,14,-116.00,5.50
14:19:15,7,125.00,14,-115.00,6.50
14:19:18,7,125.00,14,-114.00,6.75
14:19:21,7,125.00,14,-114.00,7.25
14:19:24,7,125.00,14,-115.00,6.25
14:19:27,7,125.00,14,-115.00,7.00
14:19:30,7,125.00,14,-113.00,7.75
14:19:33,7,125.00,14,-115.00,6.25
14:19:36,7,125.00,14,-114.00,6.75
14:19:39,7,125.00,14,-115.00,7.00
14:19:42,7,125.00,14,-116.00,6.25
14:19:45,7,125.00,14,-115.00,6.25
14:19:49,7,125.00,14,-115.00,6.50
14:19:52,7,125.00,14,-116.00,5.25
14:19:55,7,125.00,14,-116.00,5.25
14:19:58,7,125.00,14,-114.00,7.25
14:20:06,7,125.00,16,-112.00,8.00
14:20:09,7,125.00,16,-112.00,7.75
14:20:12,7,125.00,16,-112.00,8.00
14:20:15,7,125.00,16,-111.00,6.00
14:20:19,7,125.00,16,-112.00,8.25
14:20:22,7,125.00,16,-113.00,7.75
14:20:25,7,125.00,16,-113.00,8.00
14:20:28,7,125.00,16,-114.00,7.00
14:20:31,7,125.00,16,-113.00,8.00
14:20:34,7,125.00,16,-113.00,7.75
14:20:37,7,125.00,16,-114.00,6.50
14:20:40,7,125.00,16,-113.00,7.50
14:20:43,7,125.00,16,-113.00,6.75
14:20:46,7,125.00,16,-114.00,7.00
14:20:49,7,125.00,16,-113.00,7.75
14:20:52,7,125.00,16,-113.00,7.50
14:20:55,7,125.00,16,-113.00,7.75
14:20:58,7,125.00,16,-112.00,7.75
14:21:01,7,125.00,16,-112.00,7.50
14:21:04,7,125.00,16,-113.00,7.75
14:21:13,7,125.00,18,-113.00,7.75
14:21:16,7,125.00,18,-113.00,7.75
14:21:19,7,125.00,18,-112.00,8.00
14:21:22,7,125.00,18,-112.00,8.00
14:21:25,7,125.00,18,-112.00,8.25
14:21:28,7,125.00,18,-112.00,8.00
14:21:31,7,125.00,18,-112.00,8.00
14:21:34,7,125.00,18,-111.00,8.25
14:21:37,7,125.00,18,-112.00,7.50
14:21:40,7,125.00,18,-113.00,7.25
14:21:44,7,125.00,18,-113.00,7.50
14:21:47,7,125.00,18,-114.00,7.50
14:21:50,7,125.00,18,-114.00,7.25
14:21:53,7,125.00,18,-114.00,6.50
14:21:56,7,125.00,18,-113.00,7.50
14:21:59,7,125.00,18,-113.00,7.75
14:22:02,7,125.00,18,-112.00,7.75
14:22:05,7,125.00,18,-113.00,7.50
14:22:08,7,125.00,18,-114.00,7.00
14:22:11,7,125.00,18,-114.00,7.75
14:22:20,7,125.00,20,-113.00,8.00
14:22:23,7,125.00,20,-113.00,7.00
14:22:26,7,125.00,20,-113.00,7.75
14:22:29,7,125.00,20,-113.00,7.50
14:22:32,7,125.00,20,-113.00,8.00
14:22:35,7,125.00,20,-112.00,7.50
14:22:38,7,125.00,20,-113.00,7.25
14:22:41,7,125.00,20,-112.00,8.00
14:22:44,7,125.00,20,-113.00,8.00
14:22:47,7,125.00,20,-112.00,7.50
14:22:50,7,125.00,20,-113.00,7.75
14:22:53,7,125.00,20,-114.00,7.00
14:22:56,7,125.00,20,-114.00,6.75
14:22:59,7,125.00,20,-114.00,6.75
14:23:02,7,125.00,20,-115.00,6.00
14:23:05,7,125.00,20,-115.00,6.25
14:23:09,7,125.00,20,-114.00,7.00
14:23:12,7,125.00,20,-114.00,6.75
14:23:15,7,125.00,20,-114.00,7.00
14:23:18,7,125.00,20,-113.00,7.50
14:23:26,7,250.00,10,-112.00,5.50
14:23:29,7,250.00,10,-112.00,5.25
14:23:32,7,250.00,10,-111.00,6.00
14:23:35,7,250.00,10,-112.00,5.50
14:23:38,7,250.00,10,-111.00,6.50
14:23:41,7,250.00,10,-110.00,6.25
14:23:44,7,250.00,10,-112.00,5.50
14:23:48,7,250.00,10,-112.00,5.00
14:23:51,7,250.00,10,-111.00,5.25
14:23:54,7,250.00,10,-113.00,5.00
14:23:57,7,250.00,10,-111.00,5.75
14:24:00,7,250.00,10,-112.00,5.50
14:24:03,7,250.00,10,-112.00,5.75
14:24:06,7,250.00,10,-112.00,5.50
14:24:09,7,250.00,10,-111.00,5.75
14:24:12,7,250.00,10,-111.00,5.25
14:24:15,7,250.00,10,-112.00,5.75
14:24:18,7,250.00,10,-111.00,6.00
14:24:21,7,250.00,10,-112.00,5.00
14:24:24,7,250.00,10,-112.00,5.50
14:24:33,7,250.00,12,-113.00,5.50
14:24:36,7,250.00,12,-111.00,5.50
14:24:39,7,250.00,12,-113.00,5.75
14:24:42,7,250.00,12,-112.00,5.50
14:24:45,7,250.00,12,-112.00,4.75
14:24:48,7,250.00,12,-112.00,6.00
14:24:51,7,250.00,12,-112.00,5.00
14:24:54,7,250.00,12,-112.00,5.00
14:24:57,7,250.00,12,-112.00,5.50
14:25:00,7,250.00,12,-113.00,5.00
14:25:03,7,250.00,12,-113.00,5.00
14:25:06,7,250.00,12,-112.00,5.50
14:25:09,7,250.00,12,-112.00,5.25
14:25:12,7,250.00,12,-112.00,5.50
14:25:15,7,250.00,12,-112.00,5.50
14:25:18,7,250.00,12,-112.00,5.75
14:25:21,7,250.00,12,-112.00,5.50
14:25:24,7,250.00,12,-112.00,5.25
14:25:27,7,250.00,12,-112.00,5.75
14:25:30,7,250.00,12,-113.00,5.00
14:25:39,7,250.00,14,-112.00,5.50
14:25:42,7,250.00,14,-112.00,5.00
14:25:45,7,250.00,14,-112.00,5.50
14:25:48,7,250.00,14,-111.00,5.50
14:25:51,7,250.00,14,-112.00,6.25
14:25:54,7,250.00,14,-112.00,5.75
14:25:57,7,250.00,14,-112.00,5.00
14:26:00,7,250.00,14,-112.00,6.00
14:26:03,7,250.00,14,-110.00,6.00
14:26:06,7,250.00,14,-112.00,5.25
14:26:09,7,250.00,14,-112.00,6.00
14:26:12,7,250.00,14,-113.00,4.75
14:26:15,7,250.00,14,-113.00,3.75
14:26:21,7,250.00,14,-112.00,5.25
14:26:24,7,250.00,14,-113.00,5.00
14:26:27,7,250.00,14,-112.00,4.75
14:26:30,7,250.00,14,-112.00,4.75
14:26:33,7,250.00,14,-111.00,5.25
14:26:36,7,250.00,14,-112.00,5.75
14:26:45,7,250.00,16,-111.00,5.75
14:26:48,7,250.00,16,-113.00,5.00
14:26:51,7,250.00,16,-111.00,4.75
14:26:54,7,250.00,16,-112.00,5.75
14:26:57,7,250.00,16,-111.00,6.00
14:27:00,7,250.00,16,-112.00,5.25
14:27:03,7,250.00,16,-111.00,5.50
14:27:06,7,250.00,16,-110.00,6.50
14:27:09,7,250.00,16,-112.00,5.75
14:27:12,7,250.00,16,-114.00,4.00
14:27:15,7,250.00,16,-114.00,2.75
14:27:18,7,250.00,16,-112.00,4.25
14:27:21,7,250.00,16,-114.00,4.75
14:27:24,7,250.00,16,-113.00,5.00
14:27:27,7,250.00,16,-113.00,4.75
14:27:30,7,250.00,16,-113.00,4.75
14:27:33,7,250.00,16,-113.00,5.25
14:27:36,7,250.00,16,-112.00,4.75
14:27:39,7,250.00,16,-114.00,3.00
14:27:42,7,250.00,16,-114.00,3.50
14:27:51,7,250.00,18,-112.00,3.50
14:27:54,7,250.00,18,-112.00,5.25
14:27:57,7,250.00,18,-113.00,4.00
14:28:00,7,250.00,18,-112.00,4.50
14:28:06,7,250.00,18,-111.00,5.50
14:28:09,7,250.00,18,-111.00,6.00
14:28:12,7,250.00,18,-112.00,5.00
14:28:15,7,250.00,18,-111.00,5.00
14:28:18,7,250.00,18,-112.00,5.50
14:28:21,7,250.00,18,-112.00,5.00
14:28:24,7,250.00,18,-114.00,3.75
14:28:27,7,250.00,18,-112.00,5.75
14:28:30,7,250.00,18,-112.00,5.00
14:28:33,7,250.00,18,-112.00,5.75
14:28:40,7,250.00,18,-110.00,6.50
14:28:43,7,250.00,18,-112.00,5.75
14:28:46,7,250.00,18,-112.00,6.00
14:28:49,7,250.00,18,-113.00,5.25
14:28:57,7,250.00,20,-113.00,5.00
14:29:00,7,250.00,20,-111.00,5.50
14:29:03,7,250.00,20,-112.00,5.50
14:29:06,7,250.00,20,-112.00,5.00
14:29:09,7,250.00,20,-112.00,5.50
14:29:12,7,250.00,20,-111.00,6.25
14:29:15,7,250.00,20,-112.00,5.25
14:29:18,7,250.00,20,-112.00,5.50
14:29:21,7,250.00,20,-112.00,5.50
14:29:25,7,250.00,20,-114.00,4.75
14:29:28,7,250.00,20,-113.00,4.50
14:29:31,7,250.00,20,-113.00,3.25
14:29:34,7,250.00,20,-113.00,2.75
14:29:37,7,250.00,20,-113.00,4.00
14:29:40,7,250.00,20,-112.00,4.50
14:29:43,7,250.00,20,-111.00,5.25
14:29:46,7,250.00,20,-116.00,1.75
14:29:49,7,250.00,20,-113.00,4.50
14:29:52,7,250.00,20,-111.00,5.75
14:29:55,7,250.00,20,-113.00,3.75
14:30:03,7,500.00,10,-112.00,0.50
14:30:06,7,500.00,10,-110.00,0.75
14:30:09,7,500.00,10,-112.00,0.00
14:30:15,7,500.00,10,-111.75,-0.75
14:30:19,7,500.00,10,-112.50,-0.50
14:30:22,7,500.00,10,-111.00,0.75
14:30:25,7,500.00,10,-111.00,0.25
14:30:28,7,500.00,10,-110.25,-0.25
14:30:31,7,500.00,10,-111.00,1.25
14:30:34,7,500.00,10,-112.00,0.50
14:30:37,7,500.00,10,-111.00,1.75
14:30:40,7,500.00,10,-110.00,2.50
14:30:43,7,500.00,10,-111.00,0.00
14:30:46,7,500.00,10,-111.00,1.75
14:30:49,7,500.00,10,-112.00,1.00
14:30:52,7,500.00,10,-111.00,0.75
14:30:55,7,500.00,10,-110.00,2.50
14:30:58,7,500.00,10,-108.00,0.75
14:31:01,7,500.00,10,-110.00,1.75
14:31:09,7,500.00,12,-108.00,1.50
14:31:12,7,500.00,12,-109.00,2.75
14:31:15,7,500.00,12,-110.00,2.00
14:31:18,7,500.00,12,-110.00,2.00
14:31:21,7,500.00,12,-110.00,0.00
14:31:24,7,500.00,12,-112.75,-0.75
14:31:27,7,500.00,12,-111.75,-0.75
14:31:30,7,500.00,12,-111.50,-0.50
14:31:34,7,500.00,12,-112.75,-0.75
14:31:37,7,500.00,12,-112.50,-0.50
14:31:40,7,500.00,12,-112.75,-0.75
14:31:43,7,500.00,12,-112.00,0.00
14:31:46,7,500.00,12,-111.00,0.00
14:31:49,7,500.00,12,-111.00,1.50
14:31:52,7,500.00,12,-113.50,-0.50
14:31:55,7,500.00,12,-111.00,1.25
14:31:58,7,500.00,12,-112.00,0.00
14:32:01,7,500.00,12,-114.50,-1.50
14:32:04,7,500.00,12,-112.25,-0.25
14:32:07,7,500.00,12,-111.00,0.00
14:32:15,7,500.00,14,-112.00,0.75
14:32:18,7,500.00,14,-111.00,0.00
14:32:21,7,500.00,14,-110.00,0.25
14:32:24,7,500.00,14,-110.00,1.25
14:32:27,7,500.00,14,-111.00,1.00
14:32:30,7,500.00,14,-110.00,0.00
14:32:36,7,500.00,14,-111.00,0.25
14:32:39,7,500.00,14,-110.00,1.50
14:32:42,7,500.00,14,-112.00,1.75
14:32:45,7,500.00,14,-110.00,1.50
14:32:49,7,500.00,14,-111.00,0.75
14:32:52,7,500.00,14,-112.25,-0.25
14:32:55,7,500.00,14,-112.00,0.50
14:32:58,7,500.00,14,-112.00,1.50
14:33:01,7,500.00,14,-110.00,2.25
14:33:04,7,500.00,14,-110.00,0.50
14:33:07,7,500.00,14,-112.75,-0.75
14:33:10,7,500.00,14,-110.00,2.00
14:33:13,7,500.00,14,-110.00,1.75
14:33:21,7,500.00,16,-114.25,-2.25
14:33:24,7,500.00,16,-110.00,1.00
14:33:27,7,500.00,16,-113.75,-1.75
14:33:30,7,500.00,16,-111.75,-0.75
14:33:33,7,500.00,16,-111.00,1.00
14:33:36,7,500.00,16,-111.00,0.50
14:33:39,7,500.00,16,-112.50,-0.50
14:33:42,7,500.00,16,-111.00,0.25
14:33:45,7,500.00,16,-111.00,0.25
14:33:51,7,500.00,16,-113.75,-0.75
14:33:54,7,500.00,16,-113.00,-1.00
14:33:57,7,500.00,16,-112.50,-0.50
14:34:00,7,500.00,16,-114.75,-1.75
14:34:04,7,500.00,16,-115.00,-2.00
14:34:07,7,500.00,16,-112.75,-0.75
14:34:10,7,500.00,16,-113.50,-0.50
14:34:13,7,500.00,16,-111.00,0.00
14:34:16,7,500.00,16,-111.50,-0.50
14:34:19,7,500.00,16,-112.75,-0.75
14:34:27,7,500.00,18,-111.00,0.50
14:34:30,7,500.00,18,-110.00,0.25
14:34:33,7,500.00,18,-111.00,0.75
14:34:36,7,500.00,18,-111.00,1.00
14:34:39,7,500.00,18,-111.00,1.25
14:34:42,7,500.00,18,-112.75,-0.75
14:34:45,7,500.00,18,-111.00,0.00
14:34:48,7,500.00,18,-111.75,-0.75
14:34:51,7,500.00,18,-113.25,-1.25
14:34:54,7,500.00,18,-112.00,0.25
14:34:57,7,500.00,18,-111.00,1.25
14:35:03,7,500.00,18,-112.00,0.25
14:35:06,7,500.00,18,-113.50,-1.50
14:35:09,7,500.00,18,-114.25,-1.25
14:35:12,7,500.00,18,-112.00,0.25
14:35:15,7,500.00,18,-112.00,0.25
14:35:19,7,500.00,18,-111.75,-0.75
14:35:22,7,500.00,18,-110.00,0.00
14:35:25,7,500.00,18,-113.25,-1.25
14:35:33,7,500.00,20,-115.00,-2.00
14:35:36,7,500.00,20,-113.00,-1.00
14:35:39,7,500.00,20,-111.50,-0.50
14:35:42,7,500.00,20,-111.00,1.00
14:35:45,7,500.00,20,-110.00,0.25
14:35:48,7,500.00,20,-111.00,0.25
14:35:51,7,500.00,20,-111.00,1.25
14:35:54,7,500.00,20,-110.00,1.00
14:35:57,7,500.00,20,-112.00,-1.00
14:36:00,7,500.00,20,-110.00,1.50
14:36:03,7,500.00,20,-111.00,1.25
14:36:06,7,500.00,20,-111.00,0.00
14:36:09,7,500.00,20,-111.00,0.50
14:36:15,7,500.00,20,-111.00,-1.00
14:36:18,7,500.00,20,-110.00,1.25
14:36:21,7,500.00,20,-110.00,1.50
14:36:24,7,500.00,20,-110.00,0.75
14:36:27,7,500.00,20,-110.00,1.25
14:36:30,7,500.00,20,-112.00,-1.00
14:36:39,8,125.00,10,-113.00,9.00
14:36:42,8,125.00,10,-113.00,8.25
14:36:45,8,125.00,10,-115.00,7.00
14:36:48,8,125.00,10,-115.00,6.75
14:36:52,8,125.00,10,-115.00,7.00
14:36:55,8,125.00,10,-114.00,7.75
14:36:58,8,125.00,10,-115.00,7.50
14:37:01,8,125.00,10,-114.00,8.50
14:37:04,8,125.00,10,-112.00,9.25
14:37:07,8,125.00,10,-113.00,9.25
14:37:10,8,125.00,10,-114.00,8.25
14:37:13,8,125.00,10,-114.00,8.25
14:37:16,8,125.00,10,-112.00,9.50
14:37:19,8,125.00,10,-117.00,5.50
14:37:22,8,125.00,10,-114.00,8.50
14:37:26,8,125.00,10,-114.00,8.25
14:37:29,8,125.00,10,-114.00,8.00
14:37:32,8,125.00,10,-113.00,9.00
14:37:35,8,125.00,10,-113.00,8.50
14:37:38,8,125.00,10,-114.00,7.25
14:37:47,8,125.00,12,-113.00,8.75
14:37:50,8,125.00,12,-113.00,8.75
14:37:53,8,125.00,12,-113.00,9.00
14:37:56,8,125.00,12,-113.00,8.50
14:37:59,8,125.00,12,-113.00,8.25
14:38:02,8,125.00,12,-114.00,8.25
14:38:05,8,125.00,12,-112.00,9.25
14:38:08,8,125.00,12,-114.00,8.25
14:38:11,8,125.00,12,-113.00,8.50
14:38:14,8,125.00,12,-114.00,7.75
14:38:18,8,125.00,12,-113.00,9.00
14:38:21,8,125.00,12,-114.00,8.00
14:38:24,8,125.00,12,-115.00,6.75
14:38:27,8,125.00,12,-113.00,8.00
14:38:30,8,125.00,12,-113.00,8.50
14:38:33,8,125.00,12,-113.00,9.00
14:38:36,8,125.00,12,-113.00,8.75
14:38:39,8,125.00,12,-114.00,8.75
14:38:42,8,125.00,12,-114.00,8.00
14:38:45,8,125.00,12,-115.00,6.50
14:38:54,8,125.00,14,-114.00,7.75
14:38:57,8,125.00,14,-112.00,9.25
14:39:00,8,125.00,14,-113.00,9.25
14:39:03,8,125.00,14,-113.00,8.75
14:39:06,8,125.00,14,-115.00,7.25
14:39:10,8,125.00,14,-112.00,9.25
14:39:13,8,125.00,14,-113.00,8.75
14:39:16,8,125.00,14,-114.00,7.75
14:39:19,8,125.00,14,-112.00,9.25
14:39:22,8,125.00,14,-114.00,8.50
14:39:25,8,125.00,14,-114.00,8.75
14:39:28,8,125.00,14,-113.00,8.75
14:39:31,8,125.00,14,-111.00,9.50
14:39:34,8,125.00,14,-111.00,9.25
14:39:37,8,125.00,14,-112.00,9.00
14:39:40,8,125.00,14,-111.00,9.50
14:39:44,8,125.00,14,-113.00,9.25
14:39:47,8,125.00,14,-111.00,9.50
14:39:50,8,125.00,14,-111.00,9.50
14:39:53,8,125.00,14,-113.00,9.00
14:40:02,8,125.00,16,-114.00,7.00
14:40:05,8,125.00,16,-115.00,6.75
14:40:08,8,125.00,16,-113.00,9.00
14:40:11,8,125.00,16,-114.00,7.75
14:40:14,8,125.00,16,-115.00,7.50
14:40:17,8,125.00,16,-111.00,9.50
14:40:20,8,125.00,16,-114.00,8.00
14:40:23,8,125.00,16,-114.00,8.50
14:40:26,8,125.00,16,-111.00,9.25
14:40:29,8,125.00,16,-111.00,9.25
14:40:32,8,125.00,16,-113.00,9.00
14:40:36,8,125.00,16,-112.00,9.25
14:40:39,8,125.00,16,-115.00,7.25
14:40:42,8,125.00,16,-113.00,9.25
14:40:45,8,125.00,16,-115.00,7.00
14:40:48,8,125.00,16,-115.00,8.25
14:40:51,8,125.00,16,-115.00,6.50
14:40:54,8,125.00,16,-112.00,9.00
14:40:57,8,125.00,16,-112.00,9.25
14:41:00,8,125.00,16,-112.00,9.25
14:41:09,8,125.00,18,-111.00,10.25
14:41:12,8,125.00,18,-115.00,6.75
14:41:15,8,125.00,18,-112.00,9.50
14:41:18,8,125.00,18,-112.00,9.25
14:41:21,8,125.00,18,-111.00,9.75
14:41:24,8,125.00,18,-111.00,9.25
14:41:28,8,125.00,18,-112.00,9.00
14:41:31,8,125.00,18,-113.00,9.00
14:41:34,8,125.00,18,-113.00,9.00
14:41:37,8,125.00,18,-114.00,8.75
14:41:40,8,125.00,18,-113.00,9.00
14:41:43,8,125.00,18,-113.00,9.00
14:41:46,8,125.00,18,-113.00,9.25
14:41:49,8,125.00,18,-112.00,9.25
14:41:52,8,125.00,18,-113.00,9.00
14:41:55,8,125.00,18,-113.00,9.00
14:41:58,8,125.00,18,-113.00,9.00
14:42:02,8,125.00,18,-113.00,8.25
14:42:05,8,125.00,18,-114.00,7.50
14:42:08,8,125.00,18,-113.00,8.00
14:42:16,8,125.00,20,-113.00,9.00
14:42:20,8,125.00,20,-112.00,9.50
14:42:23,8,125.00,20,-112.00,9.25
14:42:26,8,125.00,20,-113.00,8.75
14:42:29,8,125.00,20,-112.00,9.25
14:42:32,8,125.00,20,-112.00,9.00
14:42:35,8,125.00,20,-112.00,9.50
14:42:38,8,125.00,20,-112.00,9.25
14:42:41,8,125.00,20,-112.00,9.00
14:42:44,8,125.00,20,-113.00,8.75
14:42:47,8,125.00,20,-113.00,9.00
14:42:50,8,125.00,20,-113.00,8.50
14:42:54,8,125.00,20,-113.00,8.50
14:42:57,8,125.00,20,-113.00,9.00
14:43:00,8,125.00,20,-114.00,8.50
14:43:03,8,125.00,20,-114.00,8.75
14:43:06,8,125.00,20,-114.00,7.75
14:43:09,8,125.00,20,-113.00,8.75
14:43:12,8,125.00,20,-113.00,8.75
14:43:15,8,125.00,20,-112.00,9.00
14:43:24,8,250.00,10,-112.00,7.00
14:43:27,8,250.00,10,-112.00,6.50
14:43:30,8,250.00,10,-112.00,6.50
14:43:33,8,250.00,10,-112.00,6.50
14:43:36,8,250.00,10,-112.00,6.50
14:43:39,8,250.00,10,-111.00,6.75
14:43:42,8,250.00,10,-110.00,7.50
14:43:45,8,250.00,10,-112.00,5.75
14:43:48,8,250.00,10,-112.00,6.50
14:43:51,8,250.00,10,-112.00,6.50
14:43:54,8,250.00,10,-113.00,5.50
14:43:57,8,250.00,10,-113.00,5.75
14:44:00,8,250.00,10,-113.00,6.00
14:44:04,8,250.00,10,-114.00,4.25
14:44:07,8,250.00,10,-113.00,6.25
14:44:10,8,250.00,10,-113.00,6.00
14:44:13,8,250.00,10,-113.00,5.25
14:44:16,8,250.00,10,-113.00,5.25
14:44:19,8,250.00,10,-113.00,5.75
14:44:22,8,250.00,10,-112.00,6.50
14:44:30,8,250.00,12,-111.00,7.75
14:44:34,8,250.00,12,-113.00,5.25
14:44:37,8,250.00,12,-112.00,6.50
14:44:40,8,250.00,12,-112.00,5.50
14:44:43,8,250.00,12,-113.00,5.75
14:44:46,8,250.00,12,-111.00,6.50
14:44:49,8,250.00,12,-113.00,5.50
14:44:52,8,250.00,12,-113.00,5.75
14:44:55,8,250.00,12,-114.00,4.00
14:44:58,8,250.00,12,-113.00,5.25
14:45:01,8,250.00,12,-112.00,6.75
14:45:04,8,250.00,12,-112.00,6.50
14:45:07,8,250.00,12,-111.00,6.50
14:45:10,8,250.00,12,-112.00,6.00
14:45:13,8,250.00,12,-112.00,6.75
14:45:16,8,250.00,12,-113.00,5.75
14:45:19,8,250.00,12,-114.00,5.00
14:45:22,8,250.00,12,-113.00,6.00
14:45:25,8,250.00,12,-113.00,5.25
14:45:28,8,250.00,12,-113.00,6.00
14:45:37,8,250.00,14,-113.00,5.50
14:45:40,8,250.00,14,-111.00,6.75
14:45:43,8,250.00,14,-114.00,4.25
14:45:46,8,250.00,14,-115.00,3.75
14:45:49,8,250.00,14,-115.00,3.50
14:45:52,8,250.00,14,-114.00,4.00
14:45:55,8,250.00,14,-113.00,4.50
14:45:58,8,250.00,14,-113.00,4.25
14:46:01,8,250.00,14,-113.00,3.50
14:46:05,8,250.00,14,-113.00,5.50
14:46:08,8,250.00,14,-114.00,4.50
14:46:11,8,250.00,14,-115.00,3.50
14:46:14,8,250.00,14,-114.00,4.25
14:46:17,8,250.00,14,-114.00,3.50
14:46:20,8,250.00,14,-113.00,5.25
14:46:23,8,250.00,14,-113.00,5.50
14:46:26,8,250.00,14,-112.00,6.75
14:46:29,8,250.00,14,-113.00,6.50
14:46:32,8,250.00,14,-113.00,5.25
14:46:35,8,250.00,14,-113.00,5.75
14:46:44,8,250.00,16,-111.00,5.75
14:46:47,8,250.00,16,-113.00,5.75
14:46:50,8,250.00,16,-112.00,6.00
14:46:53,8,250.00,16,-113.00,5.75
14:46:56,8,250.00,16,-113.00,4.25
14:46:59,8,250.00,16,-112.00,5.75
14:47:02,8,250.00,16,-111.00,6.50
14:47:05,8,250.00,16,-112.00,6.00
14:47:08,8,250.00,16,-112.00,6.50
14:47:11,8,250.00,16,-113.00,5.75
14:47:14,8,250.00,16,-113.00,6.00
14:47:17,8,250.00,16,-113.00,6.00
14:47:20,8,250.00,16,-113.00,6.25
14:47:23,8,250.00,16,-113.00,5.50
14:47:26,8,250.00,16,-112.00,6.00
14:47:29,8,250.00,16,-112.00,5.75
14:47:32,8,250.00,16,-112.00,5.50
14:47:36,8,250.00,16,-112.00,6.25
14:47:39,8,250.00,16,-112.00,6.25
14:47:42,8,250.00,16,-111.00,7.00
14:47:50,8,250.00,18,-112.00,6.50
14:47:53,8,250.00,18,-111.00,6.50
14:47:56,8,250.00,18,-111.00,6.75
14:47:59,8,250.00,18,-112.00,7.00
14:48:02,8,250.00,18,-112.00,6.50
14:48:05,8,250.00,18,-112.00,6.50
14:48:09,8,250.00,18,-112.00,6.50
14:48:12,8,250.00,18,-111.00,6.75
14:48:15,8,250.00,18,-112.00,7.00
14:48:18,8,250.00,18,-111.00,6.50
14:48:21,8,250.00,18,-112.00,6.50
14:48:24,8,250.00,18,-113.00,5.75
14:48:27,8,250.00,18,-111.00,7.00
14:48:30,8,250.00,18,-111.00,7.25
14:48:33,8,250.00,18,-112.00,6.50
14:48:36,8,250.00,18,-112.00,6.75
14:48:39,8,250.00,18,-111.00,7.25
14:48:42,8,250.00,18,-111.00,6.50
14:48:45,8,250.00,18,-112.00,6.25
14:48:48,8,250.00,18,-112.00,6.25
14:48:57,8,250.00,20,-111.00,7.50
14:49:00,8,250.00,20,-112.00,6.25
14:49:03,8,250.00,20,-112.00,6.00
14:49:06,8,250.00,20,-110.00,7.25
14:49:09,8,250.00,20,-113.00,5.75
14:49:12,8,250.00,20,-112.00,5.75
14:49:15,8,250.00,20,-112.00,6.75
14:49:18,8,250.00,20,-113.00,6.00
14:49:21,8,250.00,20,-112.00,6.50
14:49:24,8,250.00,20,-112.00,6.75
14:49:27,8,250.00,20,-112.00,6.25
14:49:30,8,250.00,20,-113.00,5.25
14:49:33,8,250.00,20,-113.00,5.00
14:49:36,8,250.00,20,-112.00,7.00
14:49:40,8,250.00,20,-114.00,5.25
14:49:43,8,250.00,20,-114.00,4.25
14:49:46,8,250.00,20,-114.00,4.00
14:49:49,8,250.00,20,-113.00,4.50
14:49:52,8,250.00,20,-111.00,6.75
14:49:55,8,250.00,20,-114.00,4.50
14:50:03,8,500.00,10,-112.00,0.25
14:50:06,8,500.00,10,-110.00,3.00
14:50:09,8,500.00,10,-111.00,1.25
14:50:12,8,500.00,10,-110.00,2.00
14:50:16,8,500.00,10,-110.00,2.25
14:50:19,8,500.00,10,-111.00,1.50
14:50:22,8,500.00,10,-111.00,2.50
14:50:25,8,500.00,10,-110.00,2.25
14:50:28,8,500.00,10,-111.00,1.75
14:50:31,8,500.00,10,-111.00,0.75
14:50:34,8,500.00,10,-112.00,2.00
14:50:37,8,500.00,10,-112.00,0.50
14:50:40,8,500.00,10,-111.00,2.25
14:50:43,8,500.00,10,-112.25,-0.25
14:50:46,8,500.00,10,-112.00,1.50
14:50:49,8,500.00,10,-110.00,2.25
14:50:52,8,500.00,10,-110.00,2.25
14:50:55,8,500.00,10,-111.00,1.50
14:50:58,8,500.00,10,-110.00,2.75
14:51:01,8,500.00,10,-110.00,2.00
14:51:10,8,500.00,12,-113.00,0.50
14:51:13,8,500.00,12,-112.00,1.00
14:51:16,8,500.00,12,-112.00,1.75
14:51:19,8,500.00,12,-112.00,1.25
14:51:22,8,500.00,12,-112.00,2.00
14:51:25,8,500.00,12,-112.00,0.75
14:51:28,8,500.00,12,-112.00,0.25
14:51:31,8,500.00,12,-110.00,2.75
14:51:34,8,500.00,12,-110.00,3.25
14:51:37,8,500.00,12,-110.00,1.50
14:51:40,8,500.00,12,-112.00,1.25
14:51:43,8,500.00,12,-111.00,1.00
14:51:46,8,500.00,12,-111.00,1.75
14:51:49,8,500.00,12,-111.00,2.00
14:51:52,8,500.00,12,-111.00,2.50
14:51:55,8,500.00,12,-111.00,2.75
14:51:58,8,500.00,12,-110.00,2.50
14:52:01,8,500.00,12,-111.00,1.50
14:52:04,8,500.00,12,-110.00,2.50
14:52:07,8,500.00,12,-112.00,2.25
14:52:16,8,500.00,14,-112.50,-0.50
14:52:19,8,500.00,14,-115.50,-1.50
14:52:22,8,500.00,14,-115.50,-1.50
14:52:25,8,500.00,14,-110.00,1.75
14:52:28,8,500.00,14,-110.00,2.25
14:52:31,8,500.00,14,-110.00,2.75
14:52:34,8,500.00,14,-110.00,2.50
14:52:37,8,500.00,14,-111.00,1.75
14:52:40,8,500.00,14,-111.00,0.75
14:52:43,8,500.00,14,-108.00,3.50
14:52:46,8,500.00,14,-111.00,2.00
14:52:49,8,500.00,14,-109.00,2.50
14:52:52,8,500.00,14,-111.00,1.75
14:52:55,8,500.00,14,-110.00,2.75
14:52:58,8,500.00,14,-110.00,2.25
14:53:01,8,500.00,14,-111.00,0.25
14:53:04,8,500.00,14,-110.00,3.00
14:53:07,8,500.00,14,-110.00,3.25
14:53:10,8,500.00,14,-108.00,3.25
14:53:13,8,500.00,14,-110.00,3.00
14:53:22,8,500.00,16,-112.00,0.75
14:53:25,8,500.00,16,-110.00,2.25
14:53:28,8,500.00,16,-109.00,2.50
14:53:31,8,500.00,16,-110.00,2.00
14:53:34,8,500.00,16,-110.00,2.75
14:53:37,8,500.00,16,-111.00,2.00
14:53:40,8,500.00,16,-111.00,0.75
14:53:43,8,500.00,16,-110.00,2.25
14:53:46,8,500.00,16,-110.00,2.25
14:53:49,8,500.00,16,-112.00,0.75
14:53:52,8,500.00,16,-110.00,2.75
14:53:55,8,500.00,16,-111.00,2.50
14:53:58,8,500.00,16,-111.00,1.75
14:54:01,8,500.00,16,-111.00,0.25
14:54:04,8,500.00,16,-112.00,0.50
14:54:07,8,500.00,16,-112.00,1.50
14:54:10,8,500.00,16,-111.00,1.50
14:54:13,8,500.00,16,-111.00,1.75
14:54:16,8,500.00,16,-110.00,3.00
14:54:19,8,500.00,16,-110.00,2.00
14:54:28,8,500.00,18,-111.00,0.75
14:54:31,8,500.00,18,-112.00,1.00
14:54:34,8,500.00,18,-110.00,0.50
14:54:37,8,500.00,18,-111.00,0.25
14:54:40,8,500.00,18,-112.25,-0.25
14:54:43,8,500.00,18,-111.00,0.75
14:54:46,8,500.00,18,-111.00,0.00
14:54:49,8,500.00,18,-112.00,0.00
14:54:52,8,500.00,18,-111.00,1.00
14:54:55,8,500.00,18,-112.00,0.75
14:54:58,8,500.00,18,-111.00,0.50
14:55:01,8,500.00,18,-112.00,0.00
14:55:04,8,500.00,18,-111.00,0.75
14:55:07,8,500.00,18,-111.00,1.00
14:55:10,8,500.00,18,-113.00,0.00
14:55:13,8,500.00,18,-111.00,0.25
14:55:16,8,500.00,18,-110.00,0.75
14:55:20,8,500.00,18,-111.00,0.75
14:55:23,8,500.00,18,-111.00,0.75
14:55:26,8,500.00,18,-112.00,1.00
14:55:34,8,500.00,20,-112.00,1.75
14:55:37,8,500.00,20,-112.00,1.25
14:55:40,8,500.00,20,-112.00,0.00
14:55:43,8,500.00,20,-112.00,1.00
14:55:46,8,500.00,20,-111.00,1.75
14:55:49,8,500.00,20,-111.00,0.25
14:55:52,8,500.00,20,-111.00,1.50
14:55:55,8,500.00,20,-110.00,1.50
14:55:58,8,500.00,20,-111.00,2.75
14:56:01,8,500.00,20,-110.00,2.50
14:56:04,8,500.00,20,-112.50,-0.50
14:56:07,8,500.00,20,-111.00,2.00
14:56:11,8,500.00,20,-112.50,-0.50
14:56:14,8,500.00,20,-113.25,-0.25
14:56:17,8,500.00,20,-111.00,1.75
14:56:20,8,500.00,20,-110.00,1.75
14:56:23,8,500.00,20,-110.00,2.50
14:56:26,8,500.00,20,-110.00,2.75
14:56:29,8,500.00,20,-109.00,2.75
14:56:32,8,500.00,20,-110.00,3.00
14:56:40,9,125.00,10,-115.00,8.25
14:56:44,9,125.00,10,-114.00,9.50
14:56:47,9,125.00,10,-114.00,9.75
14:56:50,9,125.00,10,-116.00,6.25
14:56:53,9,125.00,10,-114.00,10.00
14:56:56,9,125.00,10,-116.00,6.25
14:56:59,9,125.00,10,-115.00,9.50
14:57:02,9,125.00,10,-113.00,9.75
14:57:06,9,125.00,10,-115.00,9.50
14:57:09,9,125.00,10,-115.00,6.25
14:57:12,9,125.00,10,-114.00,7.50
14:57:15,9,125.00,10,-115.00,6.75
14:57:18,9,125.00,10,-115.00,6.75
14:57:22,9,125.00,10,-114.00,6.50
14:57:25,9,125.00,10,-114.00,6.75
14:57:28,9,125.00,10,-115.00,6.75
14:57:31,9,125.00,10,-114.00,6.50
14:57:34,9,125.00,10,-115.00,6.50
14:57:37,9,125.00,10,-115.00,6.75
14:57:41,9,125.00,10,-114.00,7.00
14:57:49,9,125.00,12,-117.00,6.75
14:57:53,9,125.00,12,-117.00,7.25
14:57:56,9,125.00,12,-117.00,6.50
14:57:59,9,125.00,12,-117.00,6.50
14:58:02,9,125.00,12,-115.00,5.75
14:58:05,9,125.00,12,-117.00,6.50
14:58:08,9,125.00,12,-117.00,6.75
14:58:11,9,125.00,12,-116.00,6.25
14:58:15,9,125.00,12,-117.00,6.50
14:58:18,9,125.00,12,-114.00,6.25
14:58:21,9,125.00,12,-114.00,8.50
14:58:24,9,125.00,12,-114.00,6.75
14:58:27,9,125.00,12,-114.00,6.75
14:58:30,9,125.00,12,-115.00,6.25
14:58:34,9,125.00,12,-114.00,6.50
14:58:37,9,125.00,12,-115.00,6.75
14:58:40,9,125.00,12,-114.00,6.50
14:58:43,9,125.00,12,-114.00,7.00
14:58:46,9,125.00,12,-114.00,7.00
14:58:50,9,125.00,12,-115.00,6.75
14:58:58,9,125.00,14,-116.00,7.75
14:59:02,9,125.00,14,-116.00,7.00
14:59:05,9,125.00,14,-115.00,8.75
14:59:08,9,125.00,14,-116.00,7.50
14:59:11,9,125.00,14,-116.00,6.75
14:59:14,9,125.00,14,-116.00,7.25
14:59:17,9,125.00,14,-116.00,8.75
14:59:20,9,125.00,14,-116.00,7.50
14:59:24,9,125.00,14,-115.00,9.25
14:59:27,9,125.00,14,-113.00,9.00
14:59:30,9,125.00,14,-114.00,7.25
14:59:33,9,125.00,14,-114.00,8.00
14:59:36,9,125.00,14,-114.00,7.50
14:59:39,9,125.00,14,-114.00,6.25
14:59:43,9,125.00,14,-115.00,6.50
14:59:46,9,125.00,14,-115.00,6.75
14:59:49,9,125.00,14,-114.00,6.75
14:59:52,9,125.00,14,-114.00,7.00
14:59:55,9,125.00,14,-114.00,6.75
14:59:59,9,125.00,14,-114.00,7.00
15:00:07,9,125.00,16,-117.00,6.75
15:00:10,9,125.00,16,-116.00,7.00
15:00:14,9,125.00,16,-116.00,7.50
15:00:17,9,125.00,16,-116.00,7.75
15:00:20,9,125.00,16,-116.00,7.50
15:00:23,9,125.00,16,-115.00,9.25
15:00:26,9,125.00,16,-116.00,7.50
15:00:29,9,125.00,16,-115.00,8.75
15:00:33,9,125.00,16,-115.00,7.75
15:00:36,9,125.00,16,-112.00,9.75
15:00:39,9,125.00,16,-114.00,7.00
15:00:42,9,125.00,16,-114.00,6.25
15:00:45,9,125.00,16,-115.00,6.75
15:00:48,9,125.00,16,-115.00,6.50
15:00:52,9,125.00,16,-115.00,7.00
15:00:55,9,125.00,16,-115.00,6.75
15:00:58,9,125.00,16,-113.00,9.00
15:01:01,9,125.00,16,-114.00,7.50
15:01:04,9,125.00,16,-113.00,8.75
15:01:07,9,125.00,16,-113.00,9.50
15:01:16,9,125.00,18,-116.00,8.00
15:01:19,9,125.00,18,-115.00,6.75
15:01:23,9,125.00,18,-115.00,9.00
15:01:26,9,125.00,18,-116.00,7.00
15:01:29,9,125.00,18,-116.00,6.25
15:01:32,9,125.00,18,-117.00,6.25
15:01:35,9,125.00,18,-118.00,7.00
15:01:38,9,125.00,18,-117.00,7.00
15:01:42,9,125.00,18,-119.00,5.75
15:01:45,9,125.00,18,-116.00,7.00
15:01:48,9,125.00,18,-116.00,7.00
15:01:51,9,125.00,18,-113.00,8.25
15:01:54,9,125.00,18,-114.00,7.75
15:01:57,9,125.00,18,-115.00,7.50
15:02:01,9,125.00,18,-115.00,7.25
15:02:04,9,125.00,18,-117.00,6.00
15:02:07,9,125.00,18,-116.00,6.00
15:02:10,9,125.00,18,-116.00,7.25
15:02:13,9,125.00,18,-114.00,7.00
15:02:16,9,125.00,18,-114.00,6.75
15:02:25,9,125.00,20,-117.00,6.50
15:02:28,9,125.00,20,-118.00,6.25
15:02:32,9,125.00,20,-119.00,5.75
15:02:35,9,125.00,20,-120.00,4.75
15:02:38,9,125.00,20,-119.00,6.00
15:02:41,9,125.00,20,-118.00,6.50
15:02:44,9,125.00,20,-117.00,6.50
15:02:47,9,125.00,20,-118.00,6.75
15:02:50,9,125.00,20,-116.00,6.25
15:02:54,9,125.00,20,-114.00,6.75
15:02:57,9,125.00,20,-114.00,7.75
15:03:00,9,125.00,20,-114.00,6.75
15:03:03,9,125.00,20,-113.00,9.00
15:03:06,9,125.00,20,-113.00,8.00
15:03:10,9,125.00,20,-112.00,10.00
15:03:13,9,125.00,20,-113.00,8.75
15:03:16,9,125.00,20,-112.00,9.75
15:03:19,9,125.00,20,-117.00,6.00
15:03:22,9,125.00,20,-114.00,6.75
15:03:25,9,125.00,20,-115.00,6.75
15:03:34,9,250.00,10,-115.00,5.50
15:03:37,9,250.00,10,-112.00,7.00
15:03:40,9,250.00,10,-113.00,7.25
15:03:43,9,250.00,10,-112.00,7.00
15:03:47,9,250.00,10,-112.00,7.75
15:03:50,9,250.00,10,-114.00,6.75
15:03:53,9,250.00,10,-115.00,6.50
15:03:56,9,250.00,10,-113.00,7.00
15:03:59,9,250.00,10,-116.00,3.75
15:04:02,9,250.00,10,-111.00,7.25
15:04:05,9,250.00,10,-112.00,6.75
15:04:08,9,250.00,10,-112.00,6.00
15:04:11,9,250.00,10,-117.00,1.50
15:04:14,9,250.00,10,-115.00,3.00
15:04:17,9,250.00,10,-114.00,3.75
15:04:20,9,250.00,10,-113.00,4.50
15:04:24,9,250.00,10,-113.00,5.25
15:04:27,9,250.00,10,-114.00,4.00
15:04:30,9,250.00,10,-114.00,4.00
15:04:33,9,250.00,10,-114.00,4.00
15:04:42,9,250.00,12,-116.00,4.50
15:04:45,9,250.00,12,-115.00,4.00
15:04:48,9,250.00,12,-117.00,3.50
15:04:51,9,250.00,12,-116.00,4.00
15:04:54,9,250.00,12,-117.00,3.25
15:04:57,9,250.00,12,-116.00,3.50
15:05:00,9,250.00,12,-116.00,4.25
15:05:03,9,250.00,12,-117.00,3.25
15:05:06,9,250.00,12,-118.00,2.25
15:05:09,9,250.00,12,-114.00,4.00
15:05:12,9,250.00,12,-115.00,3.25
15:05:15,9,250.00,12,-113.00,4.75
15:05:19,9,250.00,12,-112.00,5.25
15:05:22,9,250.00,12,-113.00,5.00
15:05:25,9,250.00,12,-114.00,4.00
15:05:28,9,250.00,12,-114.00,5.00
15:05:31,9,250.00,12,-115.00,3.00
15:05:34,9,250.00,12,-113.00,3.50
15:05:37,9,250.00,12,-115.00,2.75
15:05:40,9,250.00,12,-115.00,2.50
15:05:49,9,250.00,14,-116.00,4.25
15:05:52,9,250.00,14,-116.00,3.00
15:05:55,9,250.00,14,-117.00,3.00
15:05:58,9,250.00,14,-118.00,2.75
15:06:01,9,250.00,14,-118.00,2.50
15:06:04,9,250.00,14,-115.00,5.75
15:06:07,9,250.00,14,-114.00,6.75
15:06:10,9,250.00,14,-116.00,3.25
15:06:13,9,250.00,14,-116.00,3.25
15:06:17,9,250.00,14,-112.00,6.50
15:06:20,9,250.00,14,-114.00,4.25
15:06:23,9,250.00,14,-112.00,6.75
15:06:26,9,250.00,14,-112.00,6.00
15:06:29,9,250.00,14,-111.00,6.50
15:06:32,9,250.00,14,-114.00,4.00
15:06:35,9,250.00,14,-114.00,4.25
15:06:38,9,250.00,14,-112.00,5.50
15:06:41,9,250.00,14,-112.00,6.75
15:06:44,9,250.00,14,-115.00,3.25
15:06:48,9,250.00,14,-113.00,6.00
15:06:56,9,250.00,16,-116.00,3.75
15:06:59,9,250.00,16,-115.00,5.75
15:07:02,9,250.00,16,-116.00,3.50
15:07:05,9,250.00,16,-115.00,5.75
15:07:09,9,250.00,16,-117.00,3.75
15:07:12,9,250.00,16,-117.00,3.50
15:07:15,9,250.00,16,-117.00,4.00
15:07:18,9,250.00,16,-116.00,3.00
15:07:21,9,250.00,16,-114.00,5.00
15:07:24,9,250.00,16,-114.00,4.50
15:07:27,9,250.00,16,-113.00,4.75
15:07:30,9,250.00,16,-113.00,5.50
15:07:33,9,250.00,16,-113.00,5.50
15:07:36,9,250.00,16,-114.00,4.00
15:07:39,9,250.00,16,-113.00,4.50
15:07:42,9,250.00,16,-114.00,4.50
15:07:46,9,250.00,16,-115.00,4.00
15:07:49,9,250.00,16,-114.00,3.25
15:07:52,9,250.00,16,-114.00,0.75
15:07:55,9,250.00,16,-113.00,4.75
15:08:04,9,250.00,18,-116.00,5.00
15:08:07,9,250.00,18,-114.00,5.50
15:08:10,9,250.00,18,-115.00,4.50
15:08:13,9,250.00,18,-114.00,5.50
15:08:16,9,250.00,18,-114.00,6.50
15:08:19,9,250.00,18,-115.00,5.25
15:08:22,9,250.00,18,-116.00,4.00
15:08:25,9,250.00,18,-113.00,7.00
15:08:28,9,250.00,18,-113.00,7.00
15:08:31,9,250.00,18,-112.00,7.00
15:08:34,9,250.00,18,-110.00,7.25
15:08:37,9,250.00,18,-111.00,7.00
15:08:41,9,250.00,18,-112.00,6.50
15:08:44,9,250.00,18,-112.00,6.25
15:08:47,9,250.00,18,-112.00,6.25
15:08:50,9,250.00,18,-112.00,5.75
15:08:53,9,250.00,18,-114.00,0.25
15:08:56,9,250.00,18,-114.00,4.25
15:08:59,9,250.00,18,-110.00,7.25
15:09:02,9,250.00,18,-111.00,7.50
15:09:11,9,250.00,20,-112.00,7.25
15:09:14,9,250.00,20,-112.00,7.50
15:09:17,9,250.00,20,-113.00,7.50
15:09:20,9,250.00,20,-113.00,7.25
15:09:23,9,250.00,20,-112.00,7.75
15:09:26,9,250.00,20,-112.00,7.00
15:09:29,9,250.00,20,-113.00,8.00
15:09:32,9,250.00,20,-113.00,7.75
15:09:36,9,250.00,20,-112.00,7.75
15:09:39,9,250.00,20,-111.00,7.75
15:09:42,9,250.00,20,-111.00,7.75
15:09:45,9,250.00,20,-111.00,7.00
15:09:48,9,250.00,20,-112.00,7.25
15:09:51,9,250.00,20,-111.00,7.25
15:09:54,9,250.00,20,-110.00,7.75
15:09:57,9,250.00,20,-112.00,6.75
15:10:00,9,250.00,20,-112.00,6.75
15:10:03,9,250.00,20,-111.00,7.75
15:10:06,9,250.00,20,-111.00,6.50
15:10:10,9,250.00,20,-112.00,6.25
15:10:18,9,500.00,10,-112.00,2.75
15:10:21,9,500.00,10,-111.00,3.50
15:10:24,9,500.00,10,-113.00,3.50
15:10:27,9,500.00,10,-112.00,2.50
15:10:30,9,500.00,10,-112.00,3.50
15:10:33,9,500.00,10,-113.00,2.50
15:10:36,9,500.00,10,-112.00,3.00
15:10:39,9,500.00,10,-112.00,2.25
15:10:43,9,500.00,10,-112.00,2.75
15:10:46,9,500.00,10,-110.00,3.00
15:10:49,9,500.00,10,-109.00,3.25
15:10:52,9,500.00,10,-110.00,2.75
15:10:55,9,500.00,10,-111.00,0.75
15:10:58,9,500.00,10,-110.00,3.25
15:11:01,9,500.00,10,-110.00,3.25
15:11:04,9,500.00,10,-110.00,3.25
15:11:07,9,500.00,10,-111.00,1.75
15:11:10,9,500.00,10,-109.00,3.25
15:11:13,9,500.00,10,-110.00,2.25
15:11:16,9,500.00,10,-111.00,1.75
15:11:25,9,500.00,12,-111.00,3.25
15:11:28,9,500.00,12,-111.00,3.25
15:11:31,9,500.00,12,-111.00,3.00
15:11:34,9,500.00,12,-111.00,1.75
15:11:37,9,500.00,12,-112.00,2.75
15:11:40,9,500.00,12,-111.00,2.50
15:11:43,9,500.00,12,-114.00,0.25
15:11:46,9,500.00,12,-116.25,-1.25
15:11:49,9,500.00,12,-113.00,2.00
15:11:52,9,500.00,12,-112.00,0.50
15:11:55,9,500.00,12,-110.00,2.50
15:11:58,9,500.00,12,-110.00,1.75
15:12:01,9,500.00,12,-110.00,2.25
15:12:04,9,500.00,12,-110.00,2.50
15:12:07,9,500.00,12,-109.00,2.50
15:12:10,9,500.00,12,-109.00,3.00
15:12:13,9,500.00,12,-110.00,3.00
15:12:17,9,500.00,12,-110.00,3.25
15:12:20,9,500.00,12,-109.00,2.50
15:12:23,9,500.00,12,-109.00,2.50
15:12:31,9,500.00,14,-111.00,3.25
15:12:34,9,500.00,14,-110.00,3.00
15:12:37,9,500.00,14,-112.00,3.50
15:12:40,9,500.00,14,-111.00,2.50
15:12:43,9,500.00,14,-111.00,2.75
15:12:46,9,500.00,14,-111.00,3.50
15:12:49,9,500.00,14,-113.00,2.75
15:12:53,9,500.00,14,-112.00,2.50
15:12:56,9,500.00,14,-113.00,0.75
15:12:59,9,500.00,14,-111.00,2.75
15:13:02,9,500.00,14,-110.00,1.75
15:13:05,9,500.00,14,-111.00,2.50
15:13:08,9,500.00,14,-109.00,2.25
15:13:11,9,500.00,14,-108.00,2.50
15:13:14,9,500.00,14,-109.00,2.50
15:13:17,9,500.00,14,-110.00,2.75
15:13:20,9,500.00,14,-111.00,2.00
15:13:23,9,500.00,14,-110.00,2.00
15:13:26,9,500.00,14,-109.00,2.25
15:13:29,9,500.00,14,-109.00,2.75
15:13:38,9,500.00,16,-113.00,1.50
15:13:41,9,500.00,16,-112.00,1.75
15:13:44,9,500.00,16,-111.00,2.50
15:13:47,9,500.00,16,-112.00,3.00
15:13:50,9,500.00,16,-112.00,3.25
15:13:53,9,500.00,16,-112.00,2.00
15:13:56,9,500.00,16,-112.00,2.75
15:13:59,9,500.00,16,-112.00,2.75
15:14:02,9,500.00,16,-112.00,3.00
15:14:05,9,500.00,16,-110.00,2.25
15:14:08,9,500.00,16,-110.00,2.75
15:14:11,9,500.00,16,-110.00,2.00
15:14:14,9,500.00,16,-110.00,2.25
15:14:17,9,500.00,16,-110.00,2.50
15:14:20,9,500.00,16,-110.00,3.25
15:14:23,9,500.00,16,-111.00,2.25
15:14:27,9,500.00,16,-111.00,0.00
15:14:30,9,500.00,16,-111.00,2.25
15:14:33,9,500.00,16,-110.00,1.75
15:14:36,9,500.00,16,-110.00,2.25
15:14:44,9,500.00,18,-113.00,2.75
15:14:47,9,500.00,18,-112.00,2.25
15:14:50,9,500.00,18,-113.00,1.75
15:14:53,9,500.00,18,-112.00,2.00
15:14:56,9,500.00,18,-112.00,2.50
15:15:00,9,500.00,18,-113.00,2.50
15:15:03,9,500.00,18,-113.00,2.25
15:15:06,9,500.00,18,-112.00,2.75
15:15:09,9,500.00,18,-112.00,2.25
15:15:12,9,500.00,18,-110.00,2.25
15:15:15,9,500.00,18,-111.00,2.50
15:15:18,9,500.00,18,-111.00,2.00
15:15:21,9,500.00,18,-111.00,2.00
15:15:24,9,500.00,18,-111.00,2.25
15:15:27,9,500.00,18,-111.00,2.50
15:15:30,9,500.00,18,-111.00,2.00
15:15:33,9,500.00,18,-111.00,2.50
15:15:36,9,500.00,18,-111.00,2.00
15:15:39,9,500.00,18,-111.00,2.25
15:15:42,9,500.00,18,-111.00,2.25
15:15:51,9,500.00,20,-113.00,2.50
15:15:54,9,500.00,20,-112.00,2.25
15:15:57,9,500.00,20,-112.00,1.75
15:16:00,9,500.00,20,-112.00,1.75
15:16:03,9,500.00,20,-113.00,2.75
15:16:06,9,500.00,20,-113.00,2.25
15:16:09,9,500.00,20,-113.00,1.50
15:16:12,9,500.00,20,-112.00,2.75
15:16:15,9,500.00,20,-113.00,1.50
15:16:18,9,500.00,20,-110.00,2.00
15:16:21,9,500.00,20,-111.00,1.75
15:16:24,9,500.00,20,-111.00,2.50
15:16:27,9,500.00,20,-110.00,2.50
15:16:30,9,500.00,20,-110.00,3.25
15:16:33,9,500.00,20,-111.00,2.75
15:16:37,9,500.00,20,-111.00,2.00
15:16:40,9,500.00,20,-111.00,2.50
15:16:43,9,500.00,20,-111.00,2.50
15:16:46,9,500.00,20,-111.00,1.75
15:16:49,9,500.00,20,-110.00,2.50
15:16:58,10,125.00,10,-113.00,9.00
15:17:01,10,125.00,10,-113.00,10.50
15:17:04,10,125.00,10,-112.00,11.00
15:17:07,10,125.00,10,-112.00,10.50
15:17:11,10,125.00,10,-112.00,11.00
15:17:14,10,125.00,10,-113.00,10.00
15:17:17,10,125.00,10,-112.00,10.75
15:17:21,10,125.00,10,-112.00,10.75
15:17:24,10,125.00,10,-112.00,10.25
15:17:27,10,125.00,10,-113.00,10.00
15:17:30,10,125.00,10,-113.00,10.00
15:17:34,10,125.00,10,-113.00,9.25
15:17:37,10,125.00,10,-113.00,10.25
15:17:40,10,125.00,10,-113.00,9.50
15:17:44,10,125.00,10,-114.00,8.50
15:17:47,10,125.00,10,-113.00,9.75
15:17:50,10,125.00,10,-113.00,9.50
15:17:53,10,125.00,10,-114.00,9.75
15:17:57,10,125.00,10,-112.00,10.00
15:18:00,10,125.00,10,-114.00,9.00
15:18:09,10,125.00,12,-114.00,7.50
15:18:12,10,125.00,12,-114.00,7.75
15:18:16,10,125.00,12,-113.00,9.25
15:18:19,10,125.00,12,-113.00,9.75
15:18:22,10,125.00,12,-114.00,8.50
15:18:26,10,125.00,12,-113.00,9.75
15:18:29,10,125.00,12,-113.00,10.00
15:18:32,10,125.00,12,-114.00,8.25
15:18:35,10,125.00,12,-112.00,10.00
15:18:39,10,125.00,12,-115.00,7.50
15:18:42,10,125.00,12,-115.00,6.50
15:18:45,10,125.00,12,-120.00,3.00
15:18:49,10,125.00,12,-117.00,7.25
15:18:52,10,125.00,12,-115.00,7.00
15:18:55,10,125.00,12,-117.00,7.00
15:18:58,10,125.00,12,-114.00,8.25
15:19:02,10,125.00,12,-116.00,7.00
15:19:05,10,125.00,12,-117.00,7.00
15:19:08,10,125.00,12,-115.00,6.75
15:19:12,10,125.00,12,-115.00,7.75
15:19:21,10,125.00,14,-113.00,9.00
15:19:24,10,125.00,14,-114.00,7.50
15:19:27,10,125.00,14,-115.00,7.25
15:19:31,10,125.00,14,-114.00,9.25
15:19:34,10,125.00,14,-113.00,9.50
15:19:37,10,125.00,14,-114.00,8.25
15:19:40,10,125.00,14,-115.00,7.25
15:19:44,10,125.00,14,-116.00,7.00
15:19:47,10,125.00,14,-115.00,6.25
15:19:50,10,125.00,14,-114.00,8.50
15:19:54,10,125.00,14,-114.00,7.25
15:19:57,10,125.00,14,-114.00,8.75
15:20:00,10,125.00,14,-115.00,8.00
15:20:03,10,125.00,14,-115.00,6.50
15:20:07,10,125.00,14,-115.00,8.00
15:20:10,10,125.00,14,-116.00,7.00
15:20:13,10,125.00,14,-113.00,9.00
15:20:17,10,125.00,14,-114.00,8.50
15:20:20,10,125.00,14,-114.00,7.50
15:20:23,10,125.00,14,-114.00,9.00
15:20:32,10,125.00,16,-116.00,6.50
15:20:35,10,125.00,16,-113.00,9.75
15:20:39,10,125.00,16,-116.00,7.25
15:20:42,10,125.00,16,-116.00,6.50
15:20:45,10,125.00,16,-116.00,6.50
15:20:49,10,125.00,16,-115.00,7.50
15:20:52,10,125.00,16,-115.00,8.00
15:20:55,10,125.00,16,-114.00,7.50
15:20:59,10,125.00,16,-114.00,8.50
15:21:02,10,125.00,16,-115.00,7.50
15:21:05,10,125.00,16,-115.00,7.50
15:21:08,10,125.00,16,-112.00,10.50
15:21:12,10,125.00,16,-114.00,7.75
15:21:15,10,125.00,16,-115.00,7.00
15:21:18,10,125.00,16,-114.00,8.00
15:21:22,10,125.00,16,-114.00,9.00
15:21:25,10,125.00,16,-112.00,9.75
15:21:28,10,125.00,16,-112.00,11.25
15:21:31,10,125.00,16,-111.00,10.75
15:21:35,10,125.00,16,-114.00,9.00
15:21:44,10,125.00,18,-115.00,6.50
15:21:47,10,125.00,18,-112.00,9.75
15:21:50,10,125.00,18,-113.00,9.25
15:21:54,10,125.00,18,-115.00,7.25
15:21:57,10,125.00,18,-115.00,7.75
15:22:00,10,125.00,18,-115.00,7.25
15:22:03,10,125.00,18,-114.00,8.75
15:22:07,10,125.00,18,-114.00,9.25
15:22:10,10,125.00,18,-112.00,10.50
15:22:13,10,125.00,18,-114.00,7.50
15:22:17,10,125.00,18,-115.00,7.25
15:22:20,10,125.00,18,-113.00,9.50
15:22:23,10,125.00,18,-116.00,6.00
15:22:26,10,125.00,18,-114.00,7.25
15:22:30,10,125.00,18,-113.00,10.00
15:22:33,10,125.00,18,-113.00,10.00
15:22:36,10,125.00,18,-113.00,10.00
15:22:40,10,125.00,18,-114.00,8.00
15:22:43,10,125.00,18,-114.00,8.00
15:22:46,10,125.00,18,-115.00,7.75
15:22:55,10,125.00,20,-111.00,10.75
15:22:59,10,125.00,20,-112.00,10.75
15:23:02,10,125.00,20,-112.00,10.50
15:23:05,10,125.00,20,-112.00,10.00
15:23:08,10,125.00,20,-113.00,10.25
15:23:12,10,125.00,20,-113.00,10.50
15:23:15,10,125.00,20,-114.00,8.25
15:23:18,10,125.00,20,-115.00,6.50
15:23:22,10,125.00,20,-113.00,8.50
15:23:25,10,125.00,20,-113.00,9.00
15:23:28,10,125.00,20,-115.00,7.00
15:23:31,10,125.00,20,-113.00,9.00
15:23:35,10,125.00,20,-114.00,8.50
15:23:38,10,125.00,20,-113.00,9.25
15:23:41,10,125.00,20,-114.00,9.00
15:23:45,10,125.00,20,-112.00,10.50
15:23:48,10,125.00,20,-114.00,7.50
15:23:51,10,125.00,20,-116.00,6.50
15:23:54,10,125.00,20,-113.00,9.25
15:23:58,10,125.00,20,-115.00,6.75
15:24:07,10,250.00,10,-112.00,7.00
15:24:10,10,250.00,10,-113.00,6.50
15:24:13,10,250.00,10,-114.00,5.25
15:24:16,10,250.00,10,-114.00,5.00
15:24:19,10,250.00,10,-114.00,6.00
15:24:22,10,250.00,10,-113.00,6.50
15:24:26,10,250.00,10,-113.00,6.25
15:24:29,10,250.00,10,-113.00,6.50
15:24:32,10,250.00,10,-113.00,5.75
15:24:35,10,250.00,10,-113.00,6.50
15:24:38,10,250.00,10,-114.00,4.75
15:24:41,10,250.00,10,-112.00,7.00
15:24:44,10,250.00,10,-112.00,7.75
15:24:48,10,250.00,10,-112.00,7.00
15:24:51,10,250.00,10,-112.00,7.25
15:24:54,10,250.00,10,-112.00,7.50
15:24:57,10,250.00,10,-111.00,7.75
15:25:00,10,250.00,10,-111.00,7.25
15:25:03,10,250.00,10,-112.00,7.25
15:25:06,10,250.00,10,-113.00,6.50
15:25:15,10,250.00,12,-112.00,7.25
15:25:18,10,250.00,12,-112.00,7.25
15:25:22,10,250.00,12,-112.00,6.75
15:25:25,10,250.00,12,-112.00,6.75
15:25:28,10,250.00,12,-112.00,7.25
15:25:31,10,250.00,12,-113.00,6.75
15:25:34,10,250.00,12,-112.00,7.00
15:25:37,10,250.00,12,-111.00,8.00
15:25:40,10,250.00,12,-111.00,7.50
15:25:44,10,250.00,12,-112.00,7.25
15:25:47,10,250.00,12,-113.00,6.25
15:25:50,10,250.00,12,-114.00,6.50
15:25:53,10,250.00,12,-112.00,7.25
15:25:56,10,250.00,12,-112.00,7.75
15:25:59,10,250.00,12,-113.00,7.00
15:26:03,10,250.00,12,-113.00,7.00
15:26:06,10,250.00,12,-112.00,7.00
15:26:09,10,250.00,12,-113.00,7.00
15:26:12,10,250.00,12,-115.00,4.25
15:26:15,10,250.00,12,-114.00,4.75
15:26:24,10,250.00,14,-113.00,6.75
15:26:27,10,250.00,14,-112.00,7.50
15:26:30,10,250.00,14,-111.00,8.00
15:26:33,10,250.00,14,-111.00,7.75
15:26:37,10,250.00,14,-111.00,7.25
15:26:40,10,250.00,14,-111.00,7.75
15:26:43,10,250.00,14,-111.00,7.25
15:26:46,10,250.00,14,-111.00,8.25
15:26:49,10,250.00,14,-111.00,7.50
15:26:52,10,250.00,14,-112.00,7.50
15:26:55,10,250.00,14,-112.00,7.50
15:26:59,10,250.00,14,-111.00,7.25
15:27:02,10,250.00,14,-111.00,7.00
15:27:05,10,250.00,14,-111.00,7.50
15:27:08,10,250.00,14,-111.00,7.00
15:27:11,10,250.00,14,-113.00,7.50
15:27:14,10,250.00,14,-111.00,8.00
15:27:17,10,250.00,14,-112.00,6.75
15:27:21,10,250.00,14,-111.00,7.50
15:27:24,10,250.00,14,-111.00,7.75
15:27:33,10,250.00,16,-112.00,8.00
15:27:36,10,250.00,16,-113.00,5.75
15:27:39,10,250.00,16,-113.00,6.75
15:27:42,10,250.00,16,-114.00,6.25
15:27:45,10,250.00,16,-114.00,6.00
15:27:48,10,250.00,16,-114.00,6.25
15:27:51,10,250.00,16,-114.00,6.25
15:27:55,10,250.00,16,-112.00,6.75
15:27:58,10,250.00,16,-112.00,7.00
15:28:01,10,250.00,16,-113.00,6.75
15:28:04,10,250.00,16,-113.00,6.00
15:28:07,10,250.00,16,-114.00,5.50
15:28:10,10,250.00,16,-113.00,6.50
15:28:13,10,250.00,16,-114.00,5.25
15:28:17,10,250.00,16,-114.00,5.50
15:28:20,10,250.00,16,-115.00,5.00
15:28:23,10,250.00,16,-114.00,5.25
15:28:26,10,250.00,16,-114.00,5.50
15:28:29,10,250.00,16,-114.00,5.00
15:28:32,10,250.00,16,-114.00,5.50
15:28:41,10,250.00,18,-115.00,3.75
15:28:44,10,250.00,18,-115.00,3.25
15:28:47,10,250.00,18,-114.00,3.50
15:28:51,10,250.00,18,-115.00,2.75
15:28:54,10,250.00,18,-116.00,4.00
15:28:57,10,250.00,18,-115.00,4.25
15:29:00,10,250.00,18,-114.00,4.25
15:29:03,10,250.00,18,-114.00,5.25
15:29:06,10,250.00,18,-115.00,3.25
15:29:10,10,250.00,18,-114.00,4.75
15:29:13,10,250.00,18,-114.00,5.00
15:29:16,10,250.00,18,-115.00,4.50
15:29:19,10,250.00,18,-120.75,-1.75
15:29:22,10,250.00,18,-115.00,3.50
15:29:25,10,250.00,18,-115.00,3.75
15:29:28,10,250.00,18,-115.00,4.50
15:29:32,10,250.00,18,-115.00,4.00
15:29:35,10,250.00,18,-115.00,4.50
15:29:38,10,250.00,18,-115.00,3.75
15:29:41,10,250.00,18,-116.00,3.25
15:29:50,10,250.00,20,-117.00,3.25
15:29:53,10,250.00,20,-115.00,3.00
15:29:56,10,250.00,20,-115.00,3.25
15:29:59,10,250.00,20,-115.00,3.25
15:30:02,10,250.00,20,-116.00,2.75
15:30:06,10,250.00,20,-117.00,2.50
15:30:09,10,250.00,20,-117.00,2.50
15:30:12,10,250.00,20,-117.00,3.00
15:30:15,10,250.00,20,-116.00,3.00
15:30:18,10,250.00,20,-116.00,3.25
15:30:21,10,250.00,20,-117.00,3.00
15:30:24,10,250.00,20,-116.00,3.50
15:30:28,10,250.00,20,-116.00,3.25
15:30:31,10,250.00,20,-115.00,3.50
15:30:34,10,250.00,20,-115.00,3.50
15:30:37,10,250.00,20,-115.00,3.00
15:30:40,10,250.00,20,-114.00,4.25
15:30:43,10,250.00,20,-114.00,5.25
15:30:46,10,250.00,20,-113.00,5.75
15:30:50,10,250.00,20,-116.00,3.50
15:30:58,10,500.00,10,-115.00,1.00
15:31:01,10,500.00,10,-114.00,0.00
15:31:05,10,500.00,10,-114.00,-1.00
15:31:08,10,500.00,10,-114.00,0.75
15:31:11,10,500.00,10,-113.00,1.50
15:31:14,10,500.00,10,-114.00,1.00
15:31:17,10,500.00,10,-114.00,0.75
15:31:20,10,500.00,10,-113.00,0.50
15:31:23,10,500.00,10,-114.00,0.25
15:31:26,10,500.00,10,-113.00,0.50
15:31:29,10,500.00,10,-113.00,1.00
15:31:32,10,500.00,10,-114.00,0.25
15:31:35,10,500.00,10,-115.75,-0.75
15:31:38,10,500.00,10,-114.00,0.00
15:31:41,10,500.00,10,-114.50,-0.50
15:31:45,10,500.00,10,-113.00,1.50
15:31:48,10,500.00,10,-115.00,-1.00
15:31:51,10,500.00,10,-113.00,1.50
15:31:54,10,500.00,10,-113.00,1.50
15:31:57,10,500.00,10,-112.00,1.25
15:32:06,10,500.00,12,-112.00,1.25
15:32:09,10,500.00,12,-114.00,0.25
15:32:12,10,500.00,12,-114.25,-0.25
15:32:15,10,500.00,12,-114.75,-0.75
15:32:18,10,500.00,12,-116.00,-1.00
15:32:21,10,500.00,12,-115.25,-0.25
15:32:24,10,500.00,12,-116.25,-1.25
15:32:27,10,500.00,12,-115.75,-1.75
15:32:30,10,500.00,12,-114.25,-0.25
15:32:33,10,500.00,12,-114.50,-0.50
15:32:36,10,500.00,12,-113.00,1.00
15:32:39,10,500.00,12,-114.00,0.25
15:32:42,10,500.00,12,-114.00,0.25
15:32:46,10,500.00,12,-116.50,-1.50
15:32:49,10,500.00,12,-116.75,-1.75
15:32:52,10,500.00,12,-117.75,-2.75
15:32:55,10,500.00,12,-119.75,-3.75
15:32:58,10,500.00,12,-117.25,-2.25
15:33:01,10,500.00,12,-114.50,-0.50
15:33:04,10,500.00,12,-117.25,-2.25
15:33:13,10,500.00,14,-114.25,-0.25
15:33:16,10,500.00,14,-113.00,1.25
15:33:19,10,500.00,14,-113.00,0.75
15:33:22,10,500.00,14,-114.75,-0.75
15:33:25,10,500.00,14,-116.50,-1.50
15:33:28,10,500.00,14,-118.25,-2.25
15:33:31,10,500.00,14,-116.25,-1.25
15:33:34,10,500.00,14,-116.25,-1.25
15:33:37,10,500.00,14,-114.25,-0.25
15:33:40,10,500.00,14,-114.00,0.00
15:33:43,10,500.00,14,-114.75,-0.75
